{
  "name": "resume-bu",
  "version": "0.1.0",
  "private": true,
  "dependencies": {
    "@react-oauth/google": "^0.11.1",
    "@testing-library/jest-dom": "^5.17.0",
    "@testing-library/react": "^13.4.0",
    "@testing-library/user-event": "^13.5.0",
    "aos": "^2.3.4",
    "axios": "^1.5.0",
    "js-cookie": "^3.0.5",
    "jwt-decode": "^3.1.2",
    "react": "^18.2.0",
    "react-dom": "^18.2.0",
    "react-frame-component": "^5.2.6",
    "react-helmet": "^6.1.0",
    "react-router-dom": "^6.15.0",
    "react-scripts": "5.0.1",
    "typewriter-effect": "^2.20.1",
    "web-vitals": "^2.1.4"
  },
  "scripts": {
    "start": "react-scripts start",
    "build": "react-scripts build",
    "test": "react-scripts test",
    "eject": "react-scripts eject"
  },
  "eslintConfig": {
    "extends": [
      "react-app",
      "react-app/jest"
    ]
  },
  "browserslist": {
    "production": [
      ">0.2%",
      "not dead",
      "not op_mini all"
    ],
    "development": [
      "last 1 chrome version",
      "last 1 firefox version",
      "last 1 safari version"
    ]
  }
}
